,N,P,K,temperature,humidity,ph,rainfall
count,50000.0,50000.0,50000.0,50000.0,50000.0,50000.0,50000.0
mean,49.6425764,74.88122,104.60452,27.460444663179583,49.94855980302213,6.261625162516634,6.649578399999999
std,28.95783851454372,40.3292826657307,57.7814995444337,10.113573876494636,23.1043793193479,1.5774443690453033,3.351711660282626
min,0.0,5.0,5.0,10.000506085159405,10.00202654242802,3.500123827506264,0.83
25%,24.29,40.0,55.0,18.702388570025384,29.91425381709224,4.904280423821455,3.75
50%,49.644999999999996,75.0,104.0,27.408532048473162,49.990219621242595,6.272278104195405,6.65
75%,75.0,110.0,155.0,36.19136636536258,70.03629416879386,7.620060180405891,9.51
max,99.29,144.0,204.0,44.99982039340848,89.99576198749173,8.999699116029898,12.5
