Model,Accuracy,Precision,Recall,F1-Score
RandomForest,74.0909090909091,74.33387472609546,74.0909090909091,73.48403282552854
GradientBoosting,72.72727272727273,73.44866122425503,72.72727272727273,72.5603269987303
XGBoost,76.5909090909091,76.58442198581272,76.5909090909091,76.07828842767093
